addr	size	zone	nstores	stb	stw	sth	stfs	psq_st	stwu	ncallsites	name
0x801D1ED4	516	game	8	3	3	2	0	0	0	1	fn_801D1ED4
0x801D2414	188	game	8	3	3	2	0	0	0	1	fn_801D2414
0x801E203C	816	game	5	0	0	0	5	0	0	1	fn_801E203C
0x80231360	460	game	8	0	1	1	6	0	0	1	fn_80231360
0x8024B2B0	2156	SDK	36	19	17	0	0	0	0	2	GXInit
0x8024CC3C	344	SDK	3	1	2	0	0	0	0	1	fn_8024CC3C
0x8024D0E4	84	SDK	6	4	2	0	0	0	0	2	fn_8024D0E4
0x8024D964	156	SDK	9	6	3	0	0	0	0	2	fn_8024D964
0x8024DA00	140	SDK	6	4	2	0	0	0	0	81	fn_8024DA00
0x8024DA8C	16	SDK	1	1	0	0	0	0	0	11	GXInvalidateVtxCache
0x8024DA9C	720	SDK	6	2	4	0	0	0	0	52	fn_8024DA9C
0x8024DD6C	64	SDK	3	1	2	0	0	0	0	59	fn_8024DD6C
0x8024DE18	92	SDK	8	0	8	0	0	0	0	45	fn_8024DE18
0x8024DF5C	184	SDK	12	2	10	0	0	0	0	2	fn_8024DF5C
0x8024E020	128	SDK	2	1	1	0	0	0	0	7	fn_8024E020
0x8024E0A0	36	SDK	2	1	1	0	0	0	0	2	fn_8024E0A0
0x8024E0C4	36	SDK	2	1	1	0	0	0	0	1	fn_8024E0C4
0x8024E478	240	SDK	2	1	0	1	0	0	0	96	fn_8024E478
0x8024E568	136	SDK	11	1	9	1	0	0	0	2	fn_8024E568
0x8024E5F0	72	SDK	2	1	1	0	0	0	0	5	fn_8024E5F0
0x8024E638	72	SDK	2	1	1	0	0	0	0	3	fn_8024E638
0x8024E680	92	SDK	2	1	1	0	0	0	0	10	fn_8024E680
0x8024E728	60	SDK	4	2	2	0	0	0	0	1	fn_8024E728
0x8024E764	36	SDK	2	1	1	0	0	0	0	2	fn_8024E764
0x8024EE20	200	SDK	2	1	1	0	0	0	0	3	fn_8024EE20
0x8024EEE8	104	SDK	6	3	3	0	0	0	0	5	fn_8024EEE8
0x8024EF50	552	SDK	12	6	6	0	0	0	0	3	fn_8024EF50
0x8024F194	348	SDK	22	11	11	0	0	0	0	2	fn_8024F194
0x8024F2F0	380	SDK	22	11	11	0	0	0	0	6	fn_8024F2F0
0x8024F46C	56	SDK	4	2	2	0	0	0	0	1	fn_8024F46C
0x8024F838	124	SDK	2	1	0	0	0	0	1	11	fn_8024F838
0x8024F8B4	244	SDK	3	1	2	0	0	0	0	15	fn_8024F8B4
0x8024F9A8	244	SDK	3	1	2	0	0	0	0	18	fn_8024F9A8
0x8024FA9C	68	SDK	3	1	2	0	0	0	0	24	fn_8024FA9C
0x8024FAE0	204	SDK	9	3	6	0	0	0	0	52	fn_8024FAE0
0x8025030C	408	SDK	14	7	7	0	0	0	0	1	fn_8025030C
0x80250540	156	SDK	4	2	2	0	0	0	0	4	fn_80250540
0x80250744	268	SDK	4	2	2	0	0	0	0	1	GXInvalidateTexRegion
0x80250850	72	SDK	4	2	2	0	0	0	0	8	GXInvalidateTexAll
0x802508C0	184	SDK	4	2	2	0	0	0	0	2	fn_802508C0
0x80250AF4	576	SDK	64	32	32	0	0	0	0	1	__GXSetTmemConfig
0x80250D34	156	SDK	2	1	1	0	0	0	0	1	fn_80250D34
0x80250DD0	380	SDK	8	4	4	0	0	0	0	4	fn_80250DD0
0x80250FBC	204	SDK	2	1	1	0	0	0	0	2	fn_80250FBC
0x80251088	36	SDK	2	1	1	0	0	0	0	10	__GXFlushTextureState
0x802510AC	140	SDK	4	2	2	0	0	0	0	1	fn_802510AC
0x80251138	68	SDK	2	1	1	0	0	0	0	49	fn_80251138
0x8025117C	68	SDK	2	1	1	0	0	0	0	68	fn_8025117C
0x802511C0	104	SDK	2	1	1	0	0	0	0	48	fn_802511C0
0x80251228	104	SDK	2	1	1	0	0	0	0	49	fn_80251228
0x80251290	116	SDK	8	4	4	0	0	0	0	6	fn_80251290
0x80251304	108	SDK	2	1	1	0	0	0	0	2	fn_80251304
0x80251370	108	SDK	2	1	1	0	0	0	0	1	fn_80251370
0x802513DC	84	SDK	2	1	1	0	0	0	0	7	fn_802513DC
0x80251430	152	SDK	4	2	2	0	0	0	0	9	fn_80251430
0x802514C8	84	SDK	2	1	1	0	0	0	0	32	fn_802514C8
0x8025151C	132	SDK	4	2	2	0	0	0	0	1	fn_8025151C
0x802515A0	472	SDK	2	1	1	0	0	0	0	64	fn_802515A0
0x802517A8	432	SDK	10	5	5	0	0	0	0	7	fn_802517A8
0x80251958	256	SDK	12	6	6	0	0	0	0	1	fn_80251958
0x80251A58	84	SDK	2	1	1	0	0	0	0	15	fn_80251A58
0x80251AAC	44	SDK	2	1	1	0	0	0	0	4	fn_80251AAC
0x80251AD8	44	SDK	2	1	1	0	0	0	0	3	fn_80251AD8
0x80251B04	52	SDK	2	1	1	0	0	0	0	11	fn_80251B04
0x80251B38	56	SDK	2	1	1	0	0	0	0	32	fn_80251B38
0x80251B70	232	SDK	4	2	2	0	0	0	0	2	fn_80251B70
0x80251C58	52	SDK	2	1	1	0	0	0	0	1	fn_80251C58
0x80251C8C	60	SDK	2	1	1	0	0	0	0	1	fn_80251C8C
0x80251CC8	56	SDK	2	1	1	0	0	0	0	1	fn_80251CC8
0x80251D00	124	SDK	4	2	2	0	0	0	0	2	fn_80251D00
0x80251F1C	112	SDK	3	1	2	0	0	0	0	2	fn_80251F1C
0x80251F8C	180	SDK	9	1	2	0	6	0	0	5	fn_80251F8C
0x80252040	192	SDK	9	1	2	0	6	0	0	1	fn_80252040
0x80252100	80	SDK	8	1	1	0	0	6	0	6	fn_80252100
0x80252150	80	SDK	2	1	0	0	0	0	1	3	fn_80252150
0x802521D8	180	SDK	12	1	1	0	0	10	0	5	fn_802521D8
0x8025228C	260	SDK	8	1	1	0	6	0	0	2	fn_8025228C
0x802523B4	144	SDK	4	2	2	0	0	0	0	3	fn_802523B4
0x80252444	64	SDK	2	1	1	0	0	0	0	1	fn_80252444
0x80252484	40	SDK	3	1	2	0	0	0	0	1	fn_80252484
0x802524AC	132	SDK	12	6	6	0	0	0	0	2	fn_802524AC
0x80252530	2120	SDK	138	67	71	0	0	0	0	3	fn_80252530
0x80289B70	856	MW	33	0	0	0	33	0	0	1	fn_80289B70
0x80289EC8	396	MW	30	0	0	0	30	0	0	1	fn_80289EC8
0x8028A0F4	372	MW	20	0	5	0	15	0	0	2	fn_8028A0F4
0x8028A2A8	312	MW	20	0	5	0	15	0	0	3	fn_8028A2A8
0x8028A418	340	MW	20	0	5	0	15	0	0	9	fn_8028A418
0x8028A56C	332	MW	18	0	3	0	15	0	0	1	fn_8028A56C
0x8028A6F8	400	MW	30	0	5	0	25	0	0	1	fn_8028A6F8
0x8028A8C0	416	MW	30	0	5	0	25	0	0	13	fn_8028A8C0
0x80290A60	1080	MW	9	0	1	0	8	0	0	1	fn_80290A60
0x80290ED4	400	MW	20	0	5	0	15	0	0	27	fn_80290ED4
0x80291064	360	MW	18	0	3	0	15	0	0	52	fn_80291064
0x802911CC	520	MW	52	0	12	0	40	0	0	3	fn_802911CC
0x8029681C	156	MW	3	0	0	0	3	0	0	1	fn_8029681C
0x80296918	540	MW	22	0	0	0	22	0	0	1	fn_80296918
0x8029DCD0	524	MW	3	0	0	3	0	0	0	4	fn_8029DCD0
0x8029DEDC	728	MW	7	0	0	7	0	0	0	4	fn_8029DEDC
0x8029E1B4	600	MW	4	0	0	4	0	0	0	4	fn_8029E1B4
0x8029E40C	448	MW	2	0	0	2	0	0	0	2	fn_8029E40C
0x8029E5CC	644	MW	6	0	0	6	0	0	0	2	fn_8029E5CC
0x8029E850	524	MW	3	0	0	3	0	0	0	2	fn_8029E850
0x8029EA5C	448	MW	2	0	0	2	0	0	0	2	fn_8029EA5C
0x8029EC1C	524	MW	3	0	0	3	0	0	0	2	fn_8029EC1C
0x8029EE78	344	MW	2	0	0	2	0	0	0	6	fn_8029EE78
0x8029EFD0	296	MW	1	0	0	1	0	0	0	2	fn_8029EFD0
0x8029F0F8	432	MW	5	0	0	5	0	0	0	2	fn_8029F0F8
0x8029F2A8	344	MW	2	0	0	2	0	0	0	2	fn_8029F2A8
0x8029F400	296	MW	1	0	0	1	0	0	0	2	fn_8029F400
0x8029F528	344	MW	2	0	0	2	0	0	0	2	fn_8029F528
0x8029F680	492	MW	6	0	0	6	0	0	0	4	fn_8029F680
0x8029F86C	396	MW	3	0	0	3	0	0	0	4	fn_8029F86C
0x8029F9F8	348	MW	2	0	0	2	0	0	0	2	fn_8029F9F8
0x8029FB54	348	MW	2	0	0	2	0	0	0	1	fn_8029FB54
0x8029FCB0	348	MW	2	0	0	2	0	0	0	1	fn_8029FCB0
0x8029FE0C	496	MW	6	0	0	6	0	0	0	1	fn_8029FE0C
0x8029FFFC	400	MW	3	0	0	3	0	0	0	1	fn_8029FFFC
0x802A018C	348	MW	2	0	0	2	0	0	0	1	fn_802A018C
0x802A02E8	496	MW	6	0	0	6	0	0	0	2	fn_802A02E8
0x802A04D8	400	MW	3	0	0	3	0	0	0	2	fn_802A04D8
0x802A0668	344	MW	2	0	0	2	0	0	0	1	fn_802A0668
0x802A07C0	492	MW	6	0	0	6	0	0	0	1	fn_802A07C0
0x802A09AC	396	MW	3	0	0	3	0	0	0	1	fn_802A09AC
0x802A0B38	344	MW	2	0	0	2	0	0	0	1	fn_802A0B38
0x802A0C90	344	MW	2	0	0	2	0	0	0	1	fn_802A0C90
0x802A0DE8	492	MW	6	0	0	6	0	0	0	2	fn_802A0DE8
0x802A0FD4	396	MW	3	0	0	3	0	0	0	2	fn_802A0FD4
0x802A2394	312	MW	3	0	0	0	3	0	0	2	fn_802A2394
0x802A24CC	312	MW	3	0	0	0	3	0	0	2	fn_802A24CC
0x802A2604	364	MW	6	0	0	0	6	0	0	1	fn_802A2604
0x802A2770	444	MW	7	0	0	4	3	0	0	2	fn_802A2770
0x802A292C	352	MW	4	0	1	0	3	0	0	2	fn_802A292C
0x802A2A8C	504	MW	10	0	0	4	6	0	0	1	fn_802A2A8C
0x802A2C84	404	MW	7	0	1	0	6	0	0	1	fn_802A2C84
0x802A2E18	364	MW	6	0	0	0	6	0	0	1	fn_802A2E18
0x802A2F84	376	MW	6	0	0	0	6	0	0	6	fn_802A2F84
0x802A30FC	376	MW	6	0	0	0	6	0	0	2	fn_802A30FC
0x802A3274	376	MW	6	0	0	0	6	0	0	1	fn_802A3274
0x802A33EC	516	MW	10	0	0	4	6	0	0	4	fn_802A33EC
0x802A35F0	416	MW	7	0	1	0	6	0	0	4	fn_802A35F0
0x802A3790	516	MW	10	0	0	4	6	0	0	2	fn_802A3790
0x802A3994	416	MW	7	0	1	0	6	0	0	2	fn_802A3994
0x802A3B34	468	MW	4	0	0	1	3	0	0	2	fn_802A3B34
0x802A3D08	468	MW	4	0	0	1	3	0	0	2	fn_802A3D08
0x802A3EDC	368	MW	6	0	0	0	6	0	0	1	fn_802A3EDC
0x802A404C	656	MW	8	0	0	5	3	0	0	2	fn_802A404C
0x802A42DC	532	MW	5	0	1	1	3	0	0	2	fn_802A42DC
0x802A44F0	508	MW	10	0	0	4	6	0	0	1	fn_802A44F0
0x802A46EC	408	MW	7	0	1	0	6	0	0	1	fn_802A46EC
0x802A4884	368	MW	6	0	0	0	6	0	0	1	fn_802A4884
0x802A49F4	556	MW	7	0	0	1	6	0	0	4	fn_802A49F4
0x802A4C20	556	MW	7	0	0	1	6	0	0	2	fn_802A4C20
0x802A4E4C	380	MW	6	0	0	0	6	0	0	1	fn_802A4E4C
0x802A4FC8	764	MW	11	0	0	5	6	0	0	4	fn_802A4FC8
0x802A52C4	620	MW	8	0	1	1	6	0	0	4	fn_802A52C4
0x802A5530	520	MW	10	0	0	4	6	0	0	2	fn_802A5530
0x802A5738	420	MW	7	0	1	0	6	0	0	2	fn_802A5738
0x802A58DC	380	MW	6	0	0	0	6	0	0	2	fn_802A58DC
0x802AA2F0	2924	MW	114	0	24	0	90	0	0	7	fn_802AA2F0
0x802AAE5C	992	MW	30	0	6	0	24	0	0	5	fn_802AAE5C
0x802AB608	756	MW	12	0	0	0	12	0	0	1	fn_802AB608
0x802AB8FC	672	MW	20	0	0	0	20	0	0	1	fn_802AB8FC
0x802ABB9C	1476	MW	52	0	0	0	52	0	0	1	fn_802ABB9C
0x802AC5E8	172	MW	3	0	0	3	0	0	0	2	fn_802AC5E8
