# Frame hashes for the captures in build/fifo, written by
#     python tools/scenario.py replay --bless
# and checked by the same command without --bless. Columns: the capture's
# name, sha256 over its .fifo, .regs and .ram files, and FNV-1a over the
# frame gen/soa.exe --replay renders from them (gxr_screen_hash, gxr.c).
# The captures themselves are game data and stay out of the repository, so
# the middle column is what ties a row to the bytes it was measured from.
0100	b3c4e6facbc6f308	929dde33f20748af
0300	57dc69402b344cea	0f45ed5ffa309d19
0500	57d001a92b847162	895a38755a9ed879
0700	690d431fd37e34bd	1af7b540bace66b0
11900	08965c1954721806	ee1d9d70189d1ae6
12000	91c01b37dc204a94	fd09804a9ef0c71d
12100	0005599c5308dd05	20926164c40594f0
1500	c5944a81637e4862	398cc5b72790e18e
15200	3cd1ca8f7483887a	3279b1ae0d8ec929
1550	11b467d4fbb5189f	8d5525a97371f560
15800	6f60122868a3b076	48922aa95fed6683
16300	4903db9513d8d1d5	bc911bca56c5dfa1
2000	b3d382a0da368d79	baf1dae6d503defd
2050	e0dbc08b8267a3ad	0d46fbdcb1053ea6
2100	a047d8234025a095	b4eba6e04b2cf520
3600	a3655bdf0ff45700	e4ea1dae37a91aa5
3900	2f13e103a8397ed6	b768e25aeac6b91f
4200	185eeaa2969ddbf4	aafb63c62b2b3b13
4500	8c9374ea796c6542	7ec6eb11bd244d52
4800	0171e6044b0485f6	61ea704e28906f81
6000	664207d51d725200	b64d79603a729baa
6300	efd6c73238f25dc9	68e3d078cec5fcc0
8000	1effbcc933bb0644	bd6e7ee0bfb37f19
